-- /*
-- This script inserts dummy data into the database.
--     Order of insertion:
--     - users
--     - request
--     - comment
--     - ineligible
-- Generated through https://mockaroo.com/projects/31350
--  */
--
-- insert into users (id, profile_pic, is_admin) values (1, 'http://dummyimage.com/153x100.png/cc0000/ffffff', false);
-- insert into users (id, profile_pic, is_admin) values (2, 'http://dummyimage.com/151x100.png/dddddd/000000', true);
-- insert into users (id, profile_pic, is_admin) values (3, 'http://dummyimage.com/143x100.png/cc0000/ffffff', true);
-- insert into users (id, profile_pic, is_admin) values (4, 'http://dummyimage.com/194x100.png/5fa2dd/ffffff', true);
-- insert into users (id, profile_pic, is_admin) values (5, 'http://dummyimage.com/182x100.png/5fa2dd/ffffff', true);
-- insert into users (id, profile_pic, is_admin) values (6, 'http://dummyimage.com/206x100.png/ff4444/ffffff', true);
-- insert into users (id, profile_pic, is_admin) values (7, 'http://dummyimage.com/143x100.png/dddddd/000000', true);
-- insert into users (id, profile_pic, is_admin) values (8, 'http://dummyimage.com/160x100.png/5fa2dd/ffffff', true);
-- insert into users (id, profile_pic, is_admin) values (9, 'http://dummyimage.com/243x100.png/dddddd/000000', true);
-- insert into users (id, profile_pic, is_admin) values (10, 'http://dummyimage.com/225x100.png/dddddd/000000', false);
-- insert into users (id, profile_pic, is_admin) values (11, 'http://dummyimage.com/103x100.png/5fa2dd/ffffff', true);
-- insert into users (id, profile_pic, is_admin) values (12, 'http://dummyimage.com/203x100.png/5fa2dd/ffffff', true);
-- insert into users (id, profile_pic, is_admin) values (13, 'http://dummyimage.com/188x100.png/5fa2dd/ffffff', false);
-- insert into users (id, profile_pic, is_admin) values (14, 'http://dummyimage.com/206x100.png/dddddd/000000', false);
-- insert into users (id, profile_pic, is_admin) values (15, 'http://dummyimage.com/118x100.png/5fa2dd/ffffff', true);
-- insert into users (id, profile_pic, is_admin) values (16, 'http://dummyimage.com/191x100.png/ff4444/ffffff', true);
-- insert into users (id, profile_pic, is_admin) values (17, 'http://dummyimage.com/179x100.png/cc0000/ffffff', false);
-- insert into users (id, profile_pic, is_admin) values (18, 'http://dummyimage.com/245x100.png/ff4444/ffffff', false);
-- insert into users (id, profile_pic, is_admin) values (19, 'http://dummyimage.com/113x100.png/cc0000/ffffff', true);
-- insert into users (id, profile_pic, is_admin) values (20, 'http://dummyimage.com/238x100.png/ff4444/ffffff', true);
-- insert into users (id, profile_pic, is_admin) values (21, 'http://dummyimage.com/175x100.png/dddddd/000000', false);
-- insert into users (id, profile_pic, is_admin) values (22, 'http://dummyimage.com/195x100.png/ff4444/ffffff', true);
-- insert into users (id, profile_pic, is_admin) values (23, 'http://dummyimage.com/133x100.png/cc0000/ffffff', true);
-- insert into users (id, profile_pic, is_admin) values (24, 'http://dummyimage.com/147x100.png/ff4444/ffffff', false);
-- insert into users (id, profile_pic, is_admin) values (25, 'http://dummyimage.com/236x100.png/cc0000/ffffff', true);
-- insert into users (id, profile_pic, is_admin) values (26, 'http://dummyimage.com/245x100.png/cc0000/ffffff', false);
-- insert into users (id, profile_pic, is_admin) values (27, 'http://dummyimage.com/125x100.png/5fa2dd/ffffff', true);
-- insert into users (id, profile_pic, is_admin) values (28, 'http://dummyimage.com/130x100.png/dddddd/000000', true);
-- insert into users (id, profile_pic, is_admin) values (29, 'http://dummyimage.com/152x100.png/5fa2dd/ffffff', true);
-- insert into users (id, profile_pic, is_admin) values (30, 'http://dummyimage.com/181x100.png/ff4444/ffffff', true);
-- insert into users (id, profile_pic, is_admin) values (31, 'http://dummyimage.com/234x100.png/ff4444/ffffff', false);
-- insert into users (id, profile_pic, is_admin) values (32, 'http://dummyimage.com/249x100.png/ff4444/ffffff', false);
-- insert into users (id, profile_pic, is_admin) values (33, 'http://dummyimage.com/102x100.png/5fa2dd/ffffff', false);
-- insert into users (id, profile_pic, is_admin) values (34, 'http://dummyimage.com/202x100.png/dddddd/000000', false);
-- insert into users (id, profile_pic, is_admin) values (35, 'http://dummyimage.com/210x100.png/ff4444/ffffff', false);
-- insert into users (id, profile_pic, is_admin) values (36, 'http://dummyimage.com/199x100.png/dddddd/000000', false);
-- insert into users (id, profile_pic, is_admin) values (37, 'http://dummyimage.com/176x100.png/dddddd/000000', true);
-- insert into users (id, profile_pic, is_admin) values (38, 'http://dummyimage.com/166x100.png/cc0000/ffffff', false);
-- insert into users (id, profile_pic, is_admin) values (39, 'http://dummyimage.com/232x100.png/5fa2dd/ffffff', false);
-- insert into users (id, profile_pic, is_admin) values (40, 'http://dummyimage.com/221x100.png/dddddd/000000', false);
-- insert into users (id, profile_pic, is_admin) values (41, 'http://dummyimage.com/135x100.png/ff4444/ffffff', false);
-- insert into users (id, profile_pic, is_admin) values (42, 'http://dummyimage.com/129x100.png/5fa2dd/ffffff', true);
-- insert into users (id, profile_pic, is_admin) values (43, 'http://dummyimage.com/106x100.png/5fa2dd/ffffff', true);
-- insert into users (id, profile_pic, is_admin) values (44, 'http://dummyimage.com/103x100.png/ff4444/ffffff', false);
-- insert into users (id, profile_pic, is_admin) values (45, 'http://dummyimage.com/109x100.png/ff4444/ffffff', true);
-- insert into users (id, profile_pic, is_admin) values (46, 'http://dummyimage.com/205x100.png/ff4444/ffffff', false);
-- insert into users (id, profile_pic, is_admin) values (47, 'http://dummyimage.com/192x100.png/dddddd/000000', false);
-- insert into users (id, profile_pic, is_admin) values (48, 'http://dummyimage.com/135x100.png/dddddd/000000', false);
-- insert into users (id, profile_pic, is_admin) values (49, 'http://dummyimage.com/114x100.png/5fa2dd/ffffff', true);
-- insert into users (id, profile_pic, is_admin) values (50, 'http://dummyimage.com/205x100.png/5fa2dd/ffffff', true);
--
--
--
-- insert into request (id, period_start, period_end, title, request_status, fk_owner_id) values (1, '1/15/2022', '8/29/2021', 'Lone Wolf and Cub: Baby Cart to Hades (Kozure Ôkami: Shinikazeni mukau ubaguruma)', 'Honorable', 1);
-- insert into request (id, period_start, period_end, title, request_status, fk_owner_id) values (2, '8/25/2021', '1/28/2022', 'Hamlet', 'Honorable', 2);
-- insert into request (id, period_start, period_end, title, request_status, fk_owner_id) values (3, '2/22/2022', '11/2/2021', 'Protocols of Zion', 'Honorable', 3);
-- insert into request (id, period_start, period_end, title, request_status, fk_owner_id) values (4, '1/23/2022', '7/28/2021', 'The Tree, the Mayor and the Mediatheque', 'Rev', 4);
-- insert into request (id, period_start, period_end, title, request_status, fk_owner_id) values (5, '9/13/2021', '8/29/2021', 'Harvest/La Cosecha, The', 'Dr', 5);
-- insert into request (id, period_start, period_end, title, request_status, fk_owner_id) values (6, '8/4/2021', '10/21/2021', 'Man Who Captured Eichmann, The', 'Honorable', 6);
-- insert into request (id, period_start, period_end, title, request_status, fk_owner_id) values (7, '1/21/2022', '11/25/2021', 'Late Shift, The', 'Mr', 7);
-- insert into request (id, period_start, period_end, title, request_status, fk_owner_id) values (8, '9/5/2021', '3/11/2021', 'Loaded', 'Honorable', 8);
-- insert into request (id, period_start, period_end, title, request_status, fk_owner_id) values (9, '2/11/2022', '9/17/2021', 'Star Wars: Episode V - The Empire Strikes Back', 'Mrs', 9);
-- insert into request (id, period_start, period_end, title, request_status, fk_owner_id) values (10, '3/5/2022', '5/2/2021', 'If I Were You (Se Eu Fosse Você)', 'Mr', 10);
-- insert into request (id, period_start, period_end, title, request_status, fk_owner_id) values (11, '6/25/2021', '4/29/2021', 'Big Easy, The', 'Dr', 11);
-- insert into request (id, period_start, period_end, title, request_status, fk_owner_id) values (12, '1/13/2022', '10/18/2021', 'Comic Book Confidential', 'Mr', 12);
-- insert into request (id, period_start, period_end, title, request_status, fk_owner_id) values (13, '8/14/2021', '1/24/2022', 'Harvest/La Cosecha, The', 'Ms', 13);
-- insert into request (id, period_start, period_end, title, request_status, fk_owner_id) values (14, '10/24/2021', '1/21/2022', 'Cousins in Love (a.k.a. Tender Cousins) (Tendres Cousines)', 'Mrs', 14);
-- insert into request (id, period_start, period_end, title, request_status, fk_owner_id) values (15, '4/22/2021', '11/21/2021', 'Soldier', 'Honorable', 15);
-- insert into request (id, period_start, period_end, title, request_status, fk_owner_id) values (16, '4/8/2021', '12/17/2021', 'Salting the Battlefield', 'Honorable', 16);
-- insert into request (id, period_start, period_end, title, request_status, fk_owner_id) values (17, '12/7/2021', '12/7/2021', 'Strangers with Candy', 'Mr', 17);
-- insert into request (id, period_start, period_end, title, request_status, fk_owner_id) values (18, '10/13/2021', '5/8/2021', 'Cellular', 'Mr', 18);
-- insert into request (id, period_start, period_end, title, request_status, fk_owner_id) values (19, '1/22/2022', '3/4/2022', 'Toast of New York, The', 'Ms', 19);
-- insert into request (id, period_start, period_end, title, request_status, fk_owner_id) values (20, '1/24/2022', '7/26/2021', 'Liliom', 'Mrs', 20);
-- insert into request (id, period_start, period_end, title, request_status, fk_owner_id) values (21, '3/25/2021', '3/5/2022', 'Alien Autopsy', 'Mrs', 21);
-- insert into request (id, period_start, period_end, title, request_status, fk_owner_id) values (22, '5/23/2021', '2/20/2022', 'Christmas at Pee Wee''s Playhouse (a.k.a. Pee-Wee''s Playhouse Christmas Special)', 'Ms', 22);
-- insert into request (id, period_start, period_end, title, request_status, fk_owner_id) values (23, '2/13/2022', '12/14/2021', 'The Magical Legend of the Leprechauns', 'Honorable', 23);
-- insert into request (id, period_start, period_end, title, request_status, fk_owner_id) values (24, '7/3/2021', '5/13/2021', 'Little Giants', 'Ms', 24);
-- insert into request (id, period_start, period_end, title, request_status, fk_owner_id) values (25, '6/23/2021', '2/6/2022', 'Body/Cialo', 'Honorable', 25);
-- insert into request (id, period_start, period_end, title, request_status, fk_owner_id) values (26, '6/5/2021', '2/11/2022', '42', 'Mr', 26);
-- insert into request (id, period_start, period_end, title, request_status, fk_owner_id) values (27, '4/14/2021', '6/20/2021', 'Room Service', 'Rev', 27);
-- insert into request (id, period_start, period_end, title, request_status, fk_owner_id) values (28, '9/19/2021', '12/22/2021', 'Alcan Highway (Alaska Highway)', 'Mr', 28);
-- insert into request (id, period_start, period_end, title, request_status, fk_owner_id) values (29, '8/17/2021', '7/14/2021', 'J. Gang Meets Dynamite Harry, The (Jönssonligan & DynamitHarry)', 'Dr', 29);
-- insert into request (id, period_start, period_end, title, request_status, fk_owner_id) values (30, '8/27/2021', '5/5/2021', 'Home Alone', 'Rev', 30);
-- insert into request (id, period_start, period_end, title, request_status, fk_owner_id) values (31, '3/28/2021', '4/23/2021', '2010: The Year We Make Contact', 'Ms', 31);
-- insert into request (id, period_start, period_end, title, request_status, fk_owner_id) values (32, '2/17/2022', '10/15/2021', 'Confession', 'Mrs', 32);
-- insert into request (id, period_start, period_end, title, request_status, fk_owner_id) values (33, '9/29/2021', '10/13/2021', 'Jazz Singer, The', 'Ms', 33);
-- insert into request (id, period_start, period_end, title, request_status, fk_owner_id) values (34, '8/5/2021', '10/6/2021', 'Midnight (Primeiro Dia, O)', 'Mrs', 34);
-- insert into request (id, period_start, period_end, title, request_status, fk_owner_id) values (35, '6/28/2021', '7/8/2021', 'Magnificent Obsession', 'Mrs', 35);
-- insert into request (id, period_start, period_end, title, request_status, fk_owner_id) values (36, '1/15/2022', '4/9/2021', 'Legend of the 7 Golden Vampires, The', 'Rev', 36);
-- insert into request (id, period_start, period_end, title, request_status, fk_owner_id) values (37, '4/16/2021', '12/19/2021', 'Charlie Chan Carries On', 'Mrs', 37);
-- insert into request (id, period_start, period_end, title, request_status, fk_owner_id) values (38, '12/14/2021', '3/20/2021', 'Sweet Charity', 'Rev', 38);
-- insert into request (id, period_start, period_end, title, request_status, fk_owner_id) values (39, '8/26/2021', '10/13/2021', 'Twelve and Holding', 'Honorable', 39);
-- insert into request (id, period_start, period_end, title, request_status, fk_owner_id) values (40, '12/17/2021', '2/28/2022', 'Strange Brew', 'Ms', 40);
-- insert into request (id, period_start, period_end, title, request_status, fk_owner_id) values (41, '11/27/2021', '2/26/2022', 'Tube Tales', 'Rev', 41);
-- insert into request (id, period_start, period_end, title, request_status, fk_owner_id) values (42, '6/23/2021', '11/20/2021', 'Tinpis Run', 'Ms', 42);
-- insert into request (id, period_start, period_end, title, request_status, fk_owner_id) values (43, '2/13/2022', '1/24/2022', 'Mothra (Mosura)', 'Rev', 43);
-- insert into request (id, period_start, period_end, title, request_status, fk_owner_id) values (44, '7/19/2021', '9/24/2021', 'Left-Hand Side of the Fridge, The (Moitié gauche du frigo, La)', 'Mr', 44);
-- insert into request (id, period_start, period_end, title, request_status, fk_owner_id) values (45, '4/14/2021', '6/10/2021', 'Keane', 'Rev', 45);
-- insert into request (id, period_start, period_end, title, request_status, fk_owner_id) values (46, '5/9/2021', '12/10/2021', 'Silent Movie', 'Ms', 46);
-- insert into request (id, period_start, period_end, title, request_status, fk_owner_id) values (47, '12/1/2021', '9/27/2021', 'Luna, La', 'Rev', 47);
-- insert into request (id, period_start, period_end, title, request_status, fk_owner_id) values (48, '7/28/2021', '3/20/2021', 'Fame', 'Honorable', 48);
-- insert into request (id, period_start, period_end, title, request_status, fk_owner_id) values (49, '5/13/2021', '10/6/2021', 'Envy', 'Dr', 49);
-- insert into request (id, period_start, period_end, title, request_status, fk_owner_id) values (50, '6/9/2021', '2/9/2022', 'Survive Style 5+', 'Mrs', 50);
--
--
-- insert into comment (id, message, fk_user_id, fk_request_id) values (1, 'Profit-focused fault-tolerant encoding', 1, 1);
-- insert into comment (id, message, fk_user_id, fk_request_id) values (2, 'Cross-platform attitude-oriented groupware', 2, 2);
-- insert into comment (id, message, fk_user_id, fk_request_id) values (3, 'Open-source background installation', 3, 3);
-- insert into comment (id, message, fk_user_id, fk_request_id) values (4, 'Multi-channelled systematic projection', 4, 4);
-- insert into comment (id, message, fk_user_id, fk_request_id) values (5, 'Realigned leading edge functionalities', 5, 5);
-- insert into comment (id, message, fk_user_id, fk_request_id) values (6, 'Cross-platform 4th generation collaboration', 6, 6);
-- insert into comment (id, message, fk_user_id, fk_request_id) values (7, 'Phased leading edge help-desk', 7, 7);
-- insert into comment (id, message, fk_user_id, fk_request_id) values (8, 'Object-based foreground encoding', 8, 8);
-- insert into comment (id, message, fk_user_id, fk_request_id) values (9, 'Total zero tolerance task-force', 9, 9);
-- insert into comment (id, message, fk_user_id, fk_request_id) values (10, 'User-centric tangible concept', 10, 10);
-- insert into comment (id, message, fk_user_id, fk_request_id) values (11, 'Virtual regional installation', 11, 11);
-- insert into comment (id, message, fk_user_id, fk_request_id) values (12, 'Implemented methodical archive', 12, 12);
-- insert into comment (id, message, fk_user_id, fk_request_id) values (13, 'Synergistic clear-thinking task-force', 13, 13);
-- insert into comment (id, message, fk_user_id, fk_request_id) values (14, 'Inverse systematic ability', 14, 14);
-- insert into comment (id, message, fk_user_id, fk_request_id) values (15, 'Function-based demand-driven encoding', 15, 15);
-- insert into comment (id, message, fk_user_id, fk_request_id) values (16, 'Assimilated mobile neural-net', 16, 16);
-- insert into comment (id, message, fk_user_id, fk_request_id) values (17, 'Cross-platform web-enabled matrices', 17, 17);
-- insert into comment (id, message, fk_user_id, fk_request_id) values (18, 'Fully-configurable mobile installation', 18, 18);
-- insert into comment (id, message, fk_user_id, fk_request_id) values (19, 'Organic logistical support', 19, 19);
-- insert into comment (id, message, fk_user_id, fk_request_id) values (20, 'Reverse-engineered well-modulated capacity', 20, 20);
-- insert into comment (id, message, fk_user_id, fk_request_id) values (21, 'Optimized cohesive software', 21, 21);
-- insert into comment (id, message, fk_user_id, fk_request_id) values (22, 'Centralized reciprocal intranet', 22, 22);
-- insert into comment (id, message, fk_user_id, fk_request_id) values (23, 'Exclusive tertiary artificial intelligence', 23, 23);
-- insert into comment (id, message, fk_user_id, fk_request_id) values (24, 'Progressive full-range structure', 24, 24);
-- insert into comment (id, message, fk_user_id, fk_request_id) values (25, 'Self-enabling coherent capability', 25, 25);
-- insert into comment (id, message, fk_user_id, fk_request_id) values (26, 'Programmable bottom-line paradigm', 26, 26);
-- insert into comment (id, message, fk_user_id, fk_request_id) values (27, 'Distributed real-time core', 27, 27);
-- insert into comment (id, message, fk_user_id, fk_request_id) values (28, 'Multi-tiered static model', 28, 28);
-- insert into comment (id, message, fk_user_id, fk_request_id) values (29, 'Configurable stable implementation', 29, 29);
-- insert into comment (id, message, fk_user_id, fk_request_id) values (30, 'Front-line local model', 30, 30);
-- insert into comment (id, message, fk_user_id, fk_request_id) values (31, 'Public-key human-resource orchestration', 31, 31);
-- insert into comment (id, message, fk_user_id, fk_request_id) values (32, 'Ergonomic solution-oriented Graphical User Interface', 32, 32);
-- insert into comment (id, message, fk_user_id, fk_request_id) values (33, 'Organized homogeneous neural-net', 33, 33);
-- insert into comment (id, message, fk_user_id, fk_request_id) values (34, 'Front-line upward-trending implementation', 34, 34);
-- insert into comment (id, message, fk_user_id, fk_request_id) values (35, 'Focused uniform project', 35, 35);
-- insert into comment (id, message, fk_user_id, fk_request_id) values (36, 'Right-sized foreground initiative', 36, 36);
-- insert into comment (id, message, fk_user_id, fk_request_id) values (37, 'Down-sized actuating help-desk', 37, 37);
-- insert into comment (id, message, fk_user_id, fk_request_id) values (38, 'Switchable grid-enabled focus group', 38, 38);
-- insert into comment (id, message, fk_user_id, fk_request_id) values (39, 'Multi-tiered static matrix', 39, 39);
-- insert into comment (id, message, fk_user_id, fk_request_id) values (40, 'Operative maximized application', 40, 40);
-- insert into comment (id, message, fk_user_id, fk_request_id) values (41, 'Focused directional alliance', 41, 41);
-- insert into comment (id, message, fk_user_id, fk_request_id) values (42, 'Optimized human-resource groupware', 42, 42);
-- insert into comment (id, message, fk_user_id, fk_request_id) values (43, 'Reduced zero defect open architecture', 43, 43);
-- insert into comment (id, message, fk_user_id, fk_request_id) values (44, 'Operative client-driven emulation', 44, 44);
-- insert into comment (id, message, fk_user_id, fk_request_id) values (45, 'Configurable exuding middleware', 45, 45);
-- insert into comment (id, message, fk_user_id, fk_request_id) values (46, 'Devolved human-resource hardware', 46, 46);
-- insert into comment (id, message, fk_user_id, fk_request_id) values (47, 'Sharable directional hierarchy', 47, 47);
-- insert into comment (id, message, fk_user_id, fk_request_id) values (48, 'Enterprise-wide bifurcated success', 48, 48);
-- insert into comment (id, message, fk_user_id, fk_request_id) values (49, 'Pre-emptive disintermediate throughput', 49, 49);
-- insert into comment (id, message, fk_user_id, fk_request_id) values (50, 'Open-source systematic open architecture', 50, 50);
--
--
-- insert into ineligible (id, period_start, period_end, fk_created_by) values (1, '4/26/2021', '12/5/2021', 1);
-- insert into ineligible (id, period_start, period_end, fk_created_by) values (2, '11/6/2021', '9/18/2021', 2);
-- insert into ineligible (id, period_start, period_end, fk_created_by) values (3, '6/3/2021', '7/19/2021', 3);
-- insert into ineligible (id, period_start, period_end, fk_created_by) values (4, '2/11/2022', '11/21/2021', 4);
-- insert into ineligible (id, period_start, period_end, fk_created_by) values (5, '6/24/2021', '9/8/2021', 5);
-- insert into ineligible (id, period_start, period_end, fk_created_by) values (6, '6/10/2021', '9/17/2021', 6);
-- insert into ineligible (id, period_start, period_end, fk_created_by) values (7, '9/7/2021', '11/17/2021', 7);
-- insert into ineligible (id, period_start, period_end, fk_created_by) values (8, '8/1/2021', '12/18/2021', 8);
-- insert into ineligible (id, period_start, period_end, fk_created_by) values (9, '9/4/2021', '4/11/2021', 9);
-- insert into ineligible (id, period_start, period_end, fk_created_by) values (10, '9/8/2021', '5/16/2021', 10);
-- insert into ineligible (id, period_start, period_end, fk_created_by) values (11, '10/25/2021', '10/10/2021', 11);
-- insert into ineligible (id, period_start, period_end, fk_created_by) values (12, '8/31/2021', '2/22/2022', 12);
-- insert into ineligible (id, period_start, period_end, fk_created_by) values (13, '3/7/2022', '10/15/2021', 13);
-- insert into ineligible (id, period_start, period_end, fk_created_by) values (14, '7/27/2021', '5/8/2021', 14);
-- insert into ineligible (id, period_start, period_end, fk_created_by) values (15, '6/27/2021', '8/21/2021', 15);
-- insert into ineligible (id, period_start, period_end, fk_created_by) values (16, '2/10/2022', '11/8/2021', 16);
-- insert into ineligible (id, period_start, period_end, fk_created_by) values (17, '6/17/2021', '2/8/2022', 17);
-- insert into ineligible (id, period_start, period_end, fk_created_by) values (18, '2/25/2022', '11/29/2021', 18);
-- insert into ineligible (id, period_start, period_end, fk_created_by) values (19, '9/27/2021', '8/19/2021', 19);
-- insert into ineligible (id, period_start, period_end, fk_created_by) values (20, '12/15/2021', '6/18/2021', 20);
-- insert into ineligible (id, period_start, period_end, fk_created_by) values (21, '11/29/2021', '9/14/2021', 21);
-- insert into ineligible (id, period_start, period_end, fk_created_by) values (22, '1/10/2022', '12/22/2021', 22);
-- insert into ineligible (id, period_start, period_end, fk_created_by) values (23, '1/2/2022', '11/15/2021', 23);
-- insert into ineligible (id, period_start, period_end, fk_created_by) values (24, '4/10/2021', '12/14/2021', 24);
-- insert into ineligible (id, period_start, period_end, fk_created_by) values (25, '11/3/2021', '3/11/2021', 25);
-- insert into ineligible (id, period_start, period_end, fk_created_by) values (26, '3/3/2022', '3/29/2021', 26);
-- insert into ineligible (id, period_start, period_end, fk_created_by) values (27, '8/10/2021', '9/24/2021', 27);
-- insert into ineligible (id, period_start, period_end, fk_created_by) values (28, '1/18/2022', '9/9/2021', 28);
-- insert into ineligible (id, period_start, period_end, fk_created_by) values (29, '12/9/2021', '4/19/2021', 29);
-- insert into ineligible (id, period_start, period_end, fk_created_by) values (30, '7/6/2021', '9/9/2021', 30);
-- insert into ineligible (id, period_start, period_end, fk_created_by) values (31, '9/27/2021', '3/3/2022', 31);
-- insert into ineligible (id, period_start, period_end, fk_created_by) values (32, '11/21/2021', '9/7/2021', 32);
-- insert into ineligible (id, period_start, period_end, fk_created_by) values (33, '1/17/2022', '9/3/2021', 33);
-- insert into ineligible (id, period_start, period_end, fk_created_by) values (34, '10/13/2021', '8/10/2021', 34);
-- insert into ineligible (id, period_start, period_end, fk_created_by) values (35, '8/23/2021', '10/3/2021', 35);
-- insert into ineligible (id, period_start, period_end, fk_created_by) values (36, '1/11/2022', '11/14/2021', 36);
-- insert into ineligible (id, period_start, period_end, fk_created_by) values (37, '12/24/2021', '5/20/2021', 37);
-- insert into ineligible (id, period_start, period_end, fk_created_by) values (38, '4/28/2021', '3/6/2022', 38);
-- insert into ineligible (id, period_start, period_end, fk_created_by) values (39, '12/7/2021', '12/4/2021', 39);
-- insert into ineligible (id, period_start, period_end, fk_created_by) values (40, '10/1/2021', '2/18/2022', 40);
-- insert into ineligible (id, period_start, period_end, fk_created_by) values (41, '2/12/2022', '8/12/2021', 41);
-- insert into ineligible (id, period_start, period_end, fk_created_by) values (42, '8/22/2021', '10/24/2021', 42);
-- insert into ineligible (id, period_start, period_end, fk_created_by) values (43, '5/21/2021', '7/19/2021', 43);
-- insert into ineligible (id, period_start, period_end, fk_created_by) values (44, '11/17/2021', '1/28/2022', 44);
-- insert into ineligible (id, period_start, period_end, fk_created_by) values (45, '4/1/2021', '5/28/2021', 45);
-- insert into ineligible (id, period_start, period_end, fk_created_by) values (46, '3/7/2022', '9/22/2021', 46);
-- insert into ineligible (id, period_start, period_end, fk_created_by) values (47, '11/5/2021', '12/13/2021', 47);
-- insert into ineligible (id, period_start, period_end, fk_created_by) values (48, '3/3/2022', '9/21/2021', 48);
-- insert into ineligible (id, period_start, period_end, fk_created_by) values (49, '4/20/2021', '11/3/2021', 49);
-- insert into ineligible (id, period_start, period_end, fk_created_by) values (50, '1/14/2022', '6/2/2021', 50);